<?xml version="1.0" encoding="UTF-8"?>

<beans xmlns="http://www.springframework.org/schema/beans"

       xmlns:xsi="http://www.w3.org/2001/XMLSchema-instance"
       xmlns:context="http://www.springframework.org/schema/context"
       xmlns:aop="http://www.springframework.org/schema/aop"
       xmlns:tx="http://www.springframework.org/schema/tx"
       xsi:schemaLocation="http://www.springframework.org/schema/beans
	http://www.springframework.org/schema/beans/spring-beans.xsd
	http://www.springframework.org/schema/context
	http://www.springframework.org/schema/context/spring-context.xsd
	http://www.springframework.org/schema/aop
	http://www.springframework.org/schema/aop/spring-aop.xsd
	http://www.springframework.org/schema/tx
	http://www.springframework.org/schema/tx/spring-tx.xsd">

    <!--开启注解的扫描，希望处理service和dao，controller不需要Spring框架去处理-->
    <context:component-scan base-package="com.ikdzz" >
        <!--配置哪些注解不扫描-->
        <context:exclude-filter type="annotation" expression="org.springframework.stereotype.Controller" />
    </context:component-scan>
    <!--Spring整合MyBatis框架-->
    <!--<bean id="dataSource" class="com.mchange.v2.c3p0.ComboPooledDataSource">
        <property name="driverClass" value="com.mysql.jdbc.Driver"/>
        <property name="jdbcUrl" value="jdbc:mysql://127.0.0.1/ssm?characterEncoding=utf-8"/>
        <property name="user" value="root"/>
        <property name="password" value=""/>
    </bean>-->
    <bean id="placeholderConfig"
          class="org.springframework.beans.factory.config.PropertyPlaceholderConfigurer">
        <property name="locations">
            <list>
                <value>classpath:jdbc.properties</value>
            </list>
        </property>
    </bean>

    <!-- data source -->
    <bean id="dataSource"
          class="com.mchange.v2.c3p0.ComboPooledDataSource"
          destroy-method="close">
        <property name="driverClass">
            <value>${datasource.driverClassName}</value>
        </property>
        <property name="jdbcUrl">
            <value>${datasource.url}</value>
        </property>
        <property name="user">
            <value>${datasource.username}</value>
        </property>
        <property name="password">
            <value>${datasource.password}</value>
        </property>
        <!--当连接池中的连接耗尽的时候c3p0一次同时获取的连接数。Default: 3 -->
        <property name="acquireIncrement">
            <value>${c3p0.acquireIncrement}</value>
        </property>
        <!--初始化时获取三个连接，取值应在minPoolSize与maxPoolSize之间。Default: 3 -->
        <property name="initialPoolSize">
            <value>${c3p0.initialPoolSize}</value>
        </property>
        <property name="minPoolSize">
            <value>${c3p0.minPoolSize}</value>
        </property>
        <property name="maxPoolSize">
            <value>${c3p0.maxPoolSize}</value>
        </property>
        <!--最大空闲时间,60秒内未使用则连接被丢弃。若为0则永不丢弃。Default: 0 -->
        <property name="maxIdleTime">
            <value>${c3p0.maxIdleTime}</value>
        </property>
        <!--每60秒检查所有连接池中的空闲连接。Default: 0 -->
        <property name="idleConnectionTestPeriod">
            <value>${c3p0.idleConnectionTestPeriod}</value>
        </property>
        <!-- JDBC的标准参数，用以控制数据源内加载的PreparedStatements数量。但由于预缓存的statements
	                        属于单个connection而不是整个连接池。所以设置这个参数需要考虑到多方面的因素。
	                        如果maxStatements与maxStatementsPerConnection均为0，则缓存被关闭。Default: 0-->
        <property name="maxStatements">
            <value>${c3p0.maxStatements}</value>
        </property>
        <!-- c3p0是异步操作的，缓慢的JDBC操作通过帮助进程完成。扩展这些操作可以有效的提升性能 通过
                                  多线程实现多个操作同时被执行。Default: 3-->
        <property name="numHelperThreads">
            <value>${c3p0.numHelperThreads}</value>
        </property>
    </bean>






    <!--配置SqlSessionFactory工厂-->
    <bean id="sqlSessonFactory" class="org.mybatis.spring.SqlSessionFactoryBean">
        <property name="dataSource" ref="dataSource"/>
    </bean>

    <!--配置IAccountdao接口所在包-->
    <bean id="mapperScanner" class="org.mybatis.spring.mapper.MapperScannerConfigurer">
        <property name="basePackage" value="com.ikdzz.dao"/>
    </bean>


    <!--配置Spring框架声明式事务管理-->
    <!--配置事务管理器-->
    <bean id="transactionManager" class="org.springframework.jdbc.datasource.DataSourceTransactionManager">
        <property name="dataSource" ref="dataSource" />
    </bean>

    <!--配置事务通知-->
    <tx:advice id="txAdvice" transaction-manager="transactionManager">
        <tx:attributes>
            <tx:method name="find*" read-only="true"/>
            <tx:method name="*" isolation="DEFAULT"/>
        </tx:attributes>
    </tx:advice>

    <!--配置AOP增强-->
    <aop:config>
        <aop:advisor advice-ref="txAdvice" pointcut="execution(* com.ikdzz.service.Impl.*ServiceImpl.*(..))"/>
    </aop:config>





</beans>
