<?xml version="1.0" encoding="UTF-8"?> <!DOCTYPE configuration PUBLIC "-//mybatis.org//DTD Config 3.0//EN"
        "http://mybatis.org/dtd/mybatis-3-config.dtd">
<configuration>



   <!--<environments default="mysql">
         <environment id="mysql">
             <transactionManager type="JDBC"/>
             <dataSource type="POOLED">
                 <property name="driver" value="com.mysql.jdbc.Driver"/>
                 <property name="url" value="jdbc:mysql://127.0.0.1/ssm?characterEncoding=utf8"/>
                 <property name="username" value="root"/>
                 <property name="password" value=""/>
             </dataSource>
         </environment>
     </environments>-->

   <!-- <environments default="development">
        <environment id="development">
            <transactionManager type="JDBC" />
            <dataSource type="POOLED">
                <property name="driver" value="com.microsoft.sqlserver.jdbc.SQLServerDriver" />
                <property name="url" value="jdbc:sqlserver://172.28.0.195:1433;databaseName=tn_iot; catalogName=Northwind" />
                <property name="username" value="mes" />
                <property name="password" value="IKDgroup123" />
                <property name="poolMaximumActiveConnections" value="50" />
            </dataSource>
        </environment>
    </environments>-->


    <!-- 使用的是注解 -->
    <mappers>
        <!-- <mapper class="com.ikdzz.dao.IAccountdao"/> --> <!-- 该包下所有的dao接口都可以使用 -->
        <package name="com.ikdzz.dao"/>
    </mappers>
</configuration>
